Spencer,Craig,spenny@gmail.com
Jodie,Craig,jodie@gmail.com
Nancy,Craig,nancy@gmail.com
Chic,Craig,chico@gmail.com
Dave,Morgan,dave@gmail.com
Spencer,Craig,spenny@gmail.com
Jodie,Craig,jodie@gmail.com
Nancy,Craig,nancy@gmail.com
Chic,Craig,chico@gmail.com
Dave,Morgan,dave@gmail.com
Spencer,Craig,spenny@gmail.com
Jodie,Craig,jodie@gmail.com
Nancy,Craig,nancy@gmail.com
Chic,Craig,chico@gmail.com
Dave,Morgan,dave@gmail.com
Spencer,Craig,spenny@gmail.com
Jodie,Craig,jodie@gmail.com
Nancy,Craig,nancy@gmail.com
Chic,Craig,chico@gmail.com
Dave,Morgan,dave@gmail.com
Spencer,Craig,spenny@gmail.com
Jodie,Craig,jodie@gmail.com
Nancy,Craig,nancy@gmail.com
Chic,Craig,chico@gmail.com
Dave,Morgan,dave@gmail.com
Spencer,Craig,spenny@gmail.com
Jodie,Craig,jodie@gmail.com
Nancy,Craig,nancy@gmail.com
Chic,Craig,chico@gmail.com
Dave,Morgan,dave@gmail.com